Timestamp,User Count,Type,Name,Requests/s,Failures/s,50%,66%,75%,80%,90%,95%,98%,99%,99.9%,99.99%,100%,Total Request Count,Total Failure Count,Total Median Response Time,Total Average Response Time,Total Min Response Time,Total Max Response Time,Total Average Content Size
1787083197,0,,Aggregated,0.000000,0.000000,N/A,N/A,N/A,N/A,N/A,N/A,N/A,N/A,N/A,N/A,N/A,0,0,0,0.0,0,0,0
1787083198,2,,Aggregated,0.000000,0.000000,8,9,9,620,640,640,640,640,640,640,640,10,0,8,132.88323910092004,5.583051999565214,644.9252890015487,630.2
1787083199,4,,Aggregated,0.000000,0.000000,11,19,570,600,620,620,640,640,640,640,640,23,0,11,167.62174278340788,5.583051999565214,644.9252890015487,1435.1304347826087
1787083200,6,,Aggregated,0.000000,0.000000,13,19,280,460,620,620,640,640,640,640,640,46,0,13,152.06195567399212,5.425334005849436,644.9252890015487,1268.5434782608695
1787083201,8,,Aggregated,5.000000,0.000000,15,23,330,460,620,620,620,640,640,640,640,72,0,15,157.09017268030343,5.317101997206919,644.9252890015487,1296.263888888889
1787083202,10,,Aggregated,7.666667,0.000000,16,29,350,450,620,620,640,640,670,670,670,103,0,16,161.74176347555562,5.159523003385402,669.0337990003172,1319.4660194174758
1787083203,10,,Aggregated,11.500000,0.000000,13,17,23,35,570,620,630,640,670,670,670,156,0,12,110.02917723071266,4.640553001081571,669.0337990003172,1381.0128205128206
1787083204,10,,Aggregated,14.600000,0.000000,10,15,18,22,410,620,630,640,670,670,670,221,0,10,80.43440169224418,4.436105999047868,669.0337990003172,1344.6877828054298
1787083205,10,,Aggregated,21.000000,0.000000,10,14,17,19,330,610,620,640,670,670,670,280,0,9,65.66531169269832,4.436105999047868,669.0337990003172,1415.807142857143
1787083206,10,,Aggregated,26.857143,0.000000,9,13,16,18,31,550,620,630,670,670,670,342,0,9,55.51250347062913,4.436105999047868,669.0337990003172,1411.0994152046783
1787083207,10,,Aggregated,31.500000,0.000000,9,13,15,17,27,460,620,630,670,670,670,398,0,9,48.9511263869608,4.379039994091727,669.0337990003172,1419.464824120603
1787083208,10,,Aggregated,34.111111,0.000000,9,13,15,16,23,410,620,630,670,670,670,461,0,9,43.664442583606196,4.379039994091727,669.0337990003172,1411.2060737527115
1787083209,10,,Aggregated,36.500000,0.000000,8,12,14,16,22,350,620,620,670,670,670,516,0,8,39.89171145344311,4.2714189912658185,669.0337990003172,1411.1996124031007
1787083210,10,,Aggregated,42.300000,0.000000,8,12,14,16,21,280,620,620,670,670,670,571,0,8,37.00469790350001,4.2714189912658185,669.0337990003172,1426.0140105078808
1787083211,10,,Aggregated,47.500000,0.000000,8,12,14,15,21,40,610,620,670,670,670,619,0,8,34.936303552221325,4.2714189912658185,669.0337990003172,1443.9450726978998
1787083212,10,,Aggregated,51.800000,0.000000,8,12,14,15,20,34,610,620,670,670,670,679,0,8,32.69104301745249,4.2714189912658185,669.0337990003172,1438.7879234167895
1787083213,10,,Aggregated,55.000000,0.000000,8,12,14,15,21,31,600,620,670,670,670,733,0,8,31.156365700946907,4.2714189912658185,669.0337990003172,1447.2264665757161
1787083214,10,,Aggregated,57.500000,0.000000,9,12,14,15,20,29,570,620,670,670,670,792,0,8,29.596887201772216,4.021918997750618,669.0337990003172,1420.6174242424242
1787083215,10,,Aggregated,57.900000,0.000000,9,12,14,15,21,28,550,620,670,670,670,849,0,9,28.36886832013864,4.021918997750618,669.0337990003172,1439.6996466431096
1787083216,10,,Aggregated,57.500000,0.000000,9,12,14,15,21,27,550,620,670,670,670,890,0,9,27.591036658131078,4.021918997750618,669.0337990003172,1476.7921348314608
1787083217,10,,Aggregated,56.700000,0.000000,9,12,14,15,20,27,540,620,670,670,670,948,0,9,26.493384970116523,4.021918997750618,669.0337990003172,1493.0168776371308
1787083218,10,,Aggregated,56.200000,0.000000,9,12,14,15,20,26,450,620,640,670,670,1003,0,9,25.579944000579882,4.021918997750618,669.0337990003172,1491.3529411764705
1787083219,10,,Aggregated,55.400000,0.000000,9,12,14,15,20,25,430,620,640,670,670,1064,0,9,24.688132998713094,4.021918997750618,669.0337990003172,1498.5122180451128
1787083220,10,,Aggregated,55.100000,0.000000,9,12,14,15,19,24,410,620,640,670,670,1122,0,9,23.881962367812516,4.021918997750618,669.0337990003172,1494.5650623885917
1787083221,10,,Aggregated,54.500000,0.000000,8,12,14,15,19,23,410,620,640,670,670,1182,0,8,23.12260886173429,4.021918997750618,669.0337990003172,1490.8409475465312
1787083222,10,,Aggregated,54.700000,0.000000,8,12,14,15,19,23,370,610,640,670,670,1237,0,8,22.515029999643104,4.021918997750618,669.0337990003172,1486.1721907841552
1787083223,10,,Aggregated,55.100000,0.000000,8,12,14,15,19,23,350,610,640,670,670,1294,0,8,21.952281453288386,4.014992999145761,669.0337990003172,1472.646831530139
1787083224,10,,Aggregated,56.000000,0.000000,8,12,14,15,19,23,330,610,640,670,670,1343,0,8,21.536221586402984,4.014992999145761,669.0337990003172,1478.6492926284438
1787083225,10,,Aggregated,55.800000,0.000000,8,12,14,15,19,22,280,600,640,670,670,1402,0,8,21.092423823455427,4.014992999145761,669.0337990003172,1488.3716119828816
1787083226,10,,Aggregated,55.800000,0.000000,8,12,14,15,19,22,260,600,640,670,670,1455,0,8,20.723273469770447,4.014992999145761,669.0337990003172,1503.3285223367698
1787083227,10,,Aggregated,55.500000,0.000000,8,12,14,15,19,22,40,570,640,670,670,1514,0,8,20.323264425038513,4.014992999145761,669.0337990003172,1504.724570673712
1787083228,10,,Aggregated,55.700000,0.000000,8,12,14,15,19,22,36,570,640,670,670,1565,0,8,19.976425243760296,4.014992999145761,669.0337990003172,1510.1623003194888
1787083229,10,,Aggregated,56.600000,0.000000,8,12,14,15,19,22,35,550,640,670,670,1617,0,8,19.62480284814664,4.014992999145761,669.0337990003172,1515.3339517625232
1787083230,10,,Aggregated,56.500000,0.000000,8,12,14,15,19,22,35,550,640,670,670,1673,0,8,19.35444984899779,4.014992999145761,669.0337990003172,1518.7232516437537
1787083231,10,,Aggregated,55.700000,0.000000,8,12,14,15,19,22,34,550,640,670,670,1730,0,8,19.06041742453548,4.014992999145761,669.0337990003172,1509.3595375722543
1787083232,10,,Aggregated,55.500000,0.000000,8,12,14,15,19,22,33,550,640,670,670,1791,0,8,18.744188493250874,4.014992999145761,669.0337990003172,1507.065884980458
1787083233,10,,Aggregated,54.900000,0.000000,8,12,14,15,19,22,32,540,640,670,670,1854,0,8,18.479578256426656,4.014992999145761,669.0337990003172,1502.571736785329
1787083234,10,,Aggregated,54.900000,0.000000,8,12,14,15,19,22,32,460,640,670,670,1916,0,8,18.242221782046553,4.014992999145761,669.0337990003172,1504.188413361169
1787083235,10,,Aggregated,55.400000,0.000000,8,12,14,15,19,22,31,460,640,670,670,1972,0,8,18.013963442373182,4.014992999145761,669.0337990003172,1509.3194726166328
1787083236,10,,Aggregated,56.000000,0.000000,8,12,14,15,19,22,31,450,640,670,670,2036,0,8,17.763798136731175,4.014992999145761,669.0337990003172,1508.8055009823183
1787083237,10,,Aggregated,56.200000,0.000000,8,12,14,15,19,22,31,450,640,670,670,2098,0,8,17.556443282813834,4.014992999145761,669.0337990003172,1503.617254528122
1787083238,10,,Aggregated,57.000000,0.000000,8,12,14,15,19,22,30,430,640,670,670,2156,0,8,17.36578651315555,4.014992999145761,669.0337990003172,1501.8576066790351
1787083239,10,,Aggregated,57.900000,0.000000,8,12,14,15,19,22,30,410,640,670,670,2205,0,8,17.21555933715562,4.014992999145761,669.0337990003172,1507.6702947845804
1787083240,10,,Aggregated,58.500000,0.000000,8,12,14,15,19,22,30,410,640,670,670,2263,0,8,17.032589557882055,4.014992999145761,669.0337990003172,1505.5408749447636
1787083241,10,,Aggregated,59.200000,0.000000,8,12,14,15,19,22,29,410,640,670,670,2322,0,8,16.920277572140293,4.014992999145761,669.0337990003172,1506.8544358311801
1787083242,10,,Aggregated,59.500000,0.000000,8,12,14,15,19,22,29,410,640,670,670,2374,0,8,16.78164797281442,4.014992999145761,669.0337990003172,1520.058550968829
1787083243,10,,Aggregated,59.200000,0.000000,8,12,14,15,19,22,30,370,640,670,670,2439,0,8,16.610942618877868,4.014992999145761,669.0337990003172,1519.6482164821648
1787083244,10,,Aggregated,58.800000,0.000000,8,12,14,15,19,22,29,370,640,670,670,2500,0,8,16.41787249293993,4.014992999145761,669.0337990003172,1513.9304
1787083245,10,,Aggregated,58.200000,0.000000,8,12,14,15,19,22,29,350,640,670,670,2561,0,8,16.265512841242224,4.014992999145761,669.0337990003172,1509.7469738383445
1787083246,10,,Aggregated,58.000000,0.000000,8,12,14,15,19,22,29,330,640,670,670,2617,0,8,16.110649682267322,4.014992999145761,669.0337990003172,1510.4692395873137
1787083247,10,,Aggregated,58.600000,0.000000,8,12,14,15,19,22,29,330,640,670,670,2671,0,8,15.992522923053022,4.014992999145761,669.0337990003172,1510.5679520778735
1787083248,10,,Aggregated,59.000000,0.000000,8,12,14,15,19,22,29,330,640,670,670,2727,0,8,15.860222027669552,4.014992999145761,669.0337990003172,1510.1892189218922
1787083249,10,,Aggregated,57.800000,0.000000,8,12,14,15,19,22,29,330,640,670,670,2796,0,8,15.7172941779336,4.014992999145761,669.0337990003172,1516.9774678111587
1787083250,10,,Aggregated,56.700000,0.000000,8,12,14,15,19,22,29,280,640,670,670,2851,0,8,15.58846807594285,4.014992999145761,669.0337990003172,1519.728867064188
1787083251,10,,Aggregated,57.700000,0.000000,8,12,14,15,19,22,28,260,640,670,670,2916,0,8,15.441692329743006,4.014992999145761,669.0337990003172,1513.2321673525378
1787083252,10,,Aggregated,57.800000,0.000000,8,12,14,15,19,22,29,260,640,670,670,2973,0,8,15.405901655066438,4.014992999145761,669.0337990003172,1515.4598049108645
1787083253,10,,Aggregated,59.200000,0.000000,8,12,14,15,19,22,29,42,630,670,670,3034,0,8,15.256775748326527,4.014992999145761,669.0337990003172,1506.5665787738958
1787083254,10,,Aggregated,59.300000,0.000000,8,12,14,15,19,22,29,42,630,670,670,3081,0,8,15.215036985847155,4.014992999145761,669.0337990003172,1507.0555014605648
1787083255,10,,Aggregated,59.700000,0.000000,8,12,14,15,19,22,29,41,630,670,670,3141,0,8,15.12404749200912,4.014992999145761,669.0337990003172,1505.487106017192
